{"cameraMode":{"drawMode":0,"name":"Shaded","section":"Shading Mode"},"sceneLighting":false,"audioPlay":false,"sceneViewState":{"m_AlwaysRefresh":false,"showFog":true,"showSkybox":true,"showFlares":true,"showImageEffects":true,"showParticleSystems":true,"showVisualEffectGraphs":true,"m_FxEnabled":true},"in2DMode":false,"pivot":{"x":2.4921393394470217,"y":-33.325401306152347,"z":126.85552215576172},"rotation":{"x":0.12325144559144974,"y":0.33967816829681399,"z":-0.04728301987051964,"w":0.9317807555198669},"size":5.148805141448975,"orthographic":false}